model	layer_by_layer_results
count-pmi	0.5933333333333333	
fasttext	0.6216666666666666	
numberbatch	0.6433333333333333	
xglm-1.7b	0.6083333333333334	0.6349999999999999	0.6383333333333333	0.6583333333333333	0.645	0.6633333333333332	0.6566666666666666	0.6716666666666665	0.6616666666666666	0.6616666666666666	0.6616666666666666	0.6449999999999999	0.6499999999999999	0.6416666666666666	0.6349999999999999	0.63	0.6283333333333333	0.63	0.6433333333333333	0.6316666666666667	0.6216666666666666	0.6166666666666666	0.615	0.6233333333333334	0.6233333333333333	
xglm-4.5b	0.6216666666666666	0.6266666666666666	0.6483333333333333	0.6366666666666666	0.6583333333333333	0.6616666666666666	0.6516666666666667	0.6483333333333333	0.6516666666666667	0.6416666666666666	0.6566666666666666	0.6516666666666667	0.6466666666666666	0.6416666666666667	0.6383333333333332	0.64	0.6483333333333333	0.6416666666666667	0.6416666666666666	0.6483333333333334	0.6366666666666667	0.6350000000000001	0.6233333333333334	0.6383333333333333	0.6283333333333333	0.635	0.6349999999999999	0.64	0.6366666666666666	0.65	0.6433333333333334	0.64	
xglm-7.5b	0.5933333333333334	0.6033333333333334	0.605	0.6283333333333333	0.6366666666666667	0.6316666666666667	0.635	0.64	0.6266666666666666	0.6283333333333334	0.6533333333333333	0.6333333333333332	0.64	0.6433333333333334	0.6516666666666667	0.6466666666666666	0.6483333333333333	0.6533333333333333	0.6583333333333333	0.645	0.64	0.64	0.64	0.6416666666666667	0.6433333333333333	0.64	0.6366666666666667	0.6466666666666666	0.66	0.6633333333333334	0.6483333333333333	0.6533333333333333	
